Workbook

Sheet Test Script
A1: KaataGo — Test Script
A2: Versi aplikasi 1.31.0 · Cakupan: Customer, Kasir, Admin, Chef, Finance, Owner, Super Admin
A3: Isi kolom Status, Actual Result, Tester, dan Tanggal Uji saat pengujian dijalankan. Kolom lain jangan diubah.
A5: No | B5: Role | C5: Menu | D5: Test Case Type (Positif / Negatif) | E5: Test Case Id | F5: Test Case Desc | G5: Test Case Step | H5: Expected Result | I5: Status (Pass / Fail) | J5: Actual Result | K5: Tester | L5: Tanggal Uji
A6: 1 | B6: Semua | C6: Pilih Peran | D6: Positif | E6: TC-GEN-001 | F6: Halaman awal menampilkan dua pilihan peran | G6: 1. Install & buka aplikasi dalam keadaan belum login 2. Amati layar pertama | H6: Muncul logo KaataGo, tombol 'Customer', tombol 'Resto', ikon info, dan nomor versi di bawah
A7: 2 | B7: Semua | C7: Pilih Peran | D7: Positif | E7: TC-GEN-002 | F7: Melihat halaman Tentang KaataGo | G7: 1. Dari layar pilih peran, ketuk ikon (i) di kanan atas | H7: Halaman 'Tentang KaataGo' terbuka berisi keterangan aplikasi
A8: 3 | B8: Customer | C8: Login | D8: Positif | E8: TC-CUS-001 | F8: Customer login dengan Gmail | G8: 1. Ketuk 'Customer' 2. Pada popup, pilih 'Login dengan Gmail' 3. Pilih akun Gmail yang BUKAN karyawan | H8: Muncul animasi loading, lalu masuk ke hub customer dengan sapaan sesuai jam dan nama profil
A9: 4 | B9: Customer | C9: Login | D9: Positif | E9: TC-CUS-002 | F9: Customer memesan tanpa login | G9: 1. Ketuk 'Customer' 2. Pada popup, pilih 'Lewati, Pesan Tanpa Login' | H9: Masuk ke layar pilih resto / scan QR tanpa diminta akun
A10: 5 | B10: Customer | C10: Login | D10: Negatif | E10: TC-CUS-003 | F10: Email karyawan dipakai lewat pintu Customer | G10: 1. Ketuk 'Customer' lalu 'Login dengan Gmail' 2. Pilih akun Gmail yang TERDAFTAR sebagai karyawan (mis. kasir) | H10: Muncul dialog 'Tidak Bisa Masuk' berisi 'Akun ... terdaftar sebagai Kasir resto. Masuk lewat pilihan Resto'. Aplikasi TIDAK masuk ke aplikasi staf dan tetap di layar pilih peran
A11: 6 | B11: Karyawan | C11: Login | D11: Positif | E11: TC-EMP-001 | F11: Karyawan login lewat pintu Resto | G11: 1. Ketuk 'Resto' 2. Pilih akun Gmail yang terdaftar sebagai karyawan aktif | H11: Masuk langsung ke layar utama sesuai perannya (Kasir/Admin/Chef/Finance/Owner)
A12: 7 | B12: Karyawan | C12: Login | D12: Negatif | E12: TC-EMP-002 | F12: Email bukan karyawan dipakai lewat pintu Resto | G12: 1. Ketuk 'Resto' 2. Pilih akun Gmail biasa yang tidak terdaftar di tabel karyawan | H12: Muncul dialog 'Tidak Bisa Masuk' berisi 'belum terdaftar sebagai karyawan resto'. Tidak masuk ke aplikasi customer maupun staf
A13: 8 | B13: Karyawan | C13: Login | D13: Negatif | E13: TC-EMP-003 | F13: Karyawan dari resto yang dinonaktifkan | G13: 1. Super Admin menonaktifkan sebuah resto 2. Karyawan resto tersebut login lewat 'Resto' | H13: Muncul pesan 'Resto ini sedang dinonaktifkan sementara' dan akun otomatis di-logout
A14: 9 | B14: Karyawan | C14: Login | D14: Negatif | E14: TC-EMP-004 | F14: Karyawan berstatus tidak aktif | G14: 1. Admin menonaktifkan (active = false) seorang karyawan 2. Karyawan tersebut mencoba login | H14: Ditolak dengan pesan belum terdaftar sebagai karyawan
A15: 10 | B15: Semua | C15: Login | D15: Negatif | E15: TC-GEN-003 | F15: Membatalkan pemilihan akun Google | G15: 1. Ketuk 'Resto' 2. Tutup / batalkan dialog pemilih akun Google | H15: Kembali ke layar pilih peran tanpa pesan galat dan tanpa spinner yang menggantung
A16: 11 | B16: Semua | C16: Login | D16: Positif | E16: TC-GEN-004 | F16: Sesi bertahan setelah aplikasi ditutup | G16: 1. Login sebagai peran apa pun 2. Tutup aplikasi sepenuhnya 3. Buka kembali aplikasi | H16: Langsung masuk ke layar utama peran tersebut tanpa perlu memilih peran lagi
A17: 12 | B17: Semua | C17: Logout | D17: Positif | E17: TC-GEN-005 | F17: Logout lewat menu Keluar | G17: 1. Dari layar utama peran mana pun, ketuk menu 'Keluar' 2. Amati popup konfirmasi 3. Ketuk tombol konfirmasi | H17: Popup memperlihatkan tombol konfirmasi di atas dan 'Batal' di bawah (rata tengah). Setelah dikonfirmasi, kembali ke layar pilih peran
... A135: 130 | B135: Semua | C135: Popup | D135: Positif | E135: TC-GEN-014 | F135: Tata letak tombol pada semua popup | G135: 1. Buka popup mana pun yang punya konfirmasi (logout, hapus, top up) | H135: Tombol konfirmasi selebar popup di atas, dan 'Batal' berada di bawahnya rata tengah

Sheet Ringkasan
A1: Ringkasan Pengujian
A3: Role | B3: Total | C3: Positif | D3: Negatif | E3: Pass | F3: Fail
A4: Semua | B4: =COUNTIF('Test Script'!$B$6:$B$135,$A4) | C4: =COUNTIFS('Test Script'!$B$6:$B$135,$A4,'Test Script'!$D$6:$D$135,"Positif") | D4: =COUNTIFS('Test Script'!$B$6:$B$135,$A4,'Test Script'!$D$6:$D$135,"Negatif") | E4: =COUNTIFS('Test Script'!$B$6:$B$135,$A4,'Test Script'!$I$6:$I$135,"Pass") | F4: =COUNTIFS('Test Script'!$B$6:$B$135,$A4,'Test Script'!$I$6:$I$135,"Fail")
A5: Customer | B5: =COUNTIF('Test Script'!$B$6:$B$135,$A5) | C5: =COUNTIFS('Test Script'!$B$6:$B$135,$A5,'Test Script'!$D$6:$D$135,"Positif") | D5: =COUNTIFS('Test Script'!$B$6:$B$135,$A5,'Test Script'!$D$6:$D$135,"Negatif") | E5: =COUNTIFS('Test Script'!$B$6:$B$135,$A5,'Test Script'!$I$6:$I$135,"Pass") | F5: =COUNTIFS('Test Script'!$B$6:$B$135,$A5,'Test Script'!$I$6:$I$135,"Fail")
A6: Karyawan | B6: =COUNTIF('Test Script'!$B$6:$B$135,$A6) | C6: =COUNTIFS('Test Script'!$B$6:$B$135,$A6,'Test Script'!$D$6:$D$135,"Positif") | D6: =COUNTIFS('Test Script'!$B$6:$B$135,$A6,'Test Script'!$D$6:$D$135,"Negatif") | E6: =COUNTIFS('Test Script'!$B$6:$B$135,$A6,'Test Script'!$I$6:$I$135,"Pass") | F6: =COUNTIFS('Test Script'!$B$6:$B$135,$A6,'Test Script'!$I$6:$I$135,"Fail")
A7: Kasir | B7: =COUNTIF('Test Script'!$B$6:$B$135,$A7) | C7: =COUNTIFS('Test Script'!$B$6:$B$135,$A7,'Test Script'!$D$6:$D$135,"Positif") | D7: =COUNTIFS('Test Script'!$B$6:$B$135,$A7,'Test Script'!$D$6:$D$135,"Negatif") | E7: =COUNTIFS('Test Script'!$B$6:$B$135,$A7,'Test Script'!$I$6:$I$135,"Pass") | F7: =COUNTIFS('Test Script'!$B$6:$B$135,$A7,'Test Script'!$I$6:$I$135,"Fail")
A8: Admin | B8: =COUNTIF('Test Script'!$B$6:$B$135,$A8) | C8: =COUNTIFS('Test Script'!$B$6:$B$135,$A8,'Test Script'!$D$6:$D$135,"Positif") | D8: =COUNTIFS('Test Script'!$B$6:$B$135,$A8,'Test Script'!$D$6:$D$135,"Negatif") | E8: =COUNTIFS('Test Script'!$B$6:$B$135,$A8,'Test Script'!$I$6:$I$135,"Pass") | F8: =COUNTIFS('Test Script'!$B$6:$B$135,$A8,'Test Script'!$I$6:$I$135,"Fail")
A9: Chef | B9: =COUNTIF('Test Script'!$B$6:$B$135,$A9) | C9: =COUNTIFS('Test Script'!$B$6:$B$135,$A9,'Test Script'!$D$6:$D$135,"Positif") | D9: =COUNTIFS('Test Script'!$B$6:$B$135,$A9,'Test Script'!$D$6:$D$135,"Negatif") | E9: =COUNTIFS('Test Script'!$B$6:$B$135,$A9,'Test Script'!$I$6:$I$135,"Pass") | F9: =COUNTIFS('Test Script'!$B$6:$B$135,$A9,'Test Script'!$I$6:$I$135,"Fail")
A10: Finance | B10: =COUNTIF('Test Script'!$B$6:$B$135,$A10) | C10: =COUNTIFS('Test Script'!$B$6:$B$135,$A10,'Test Script'!$D$6:$D$135,"Positif") | D10: =COUNTIFS('Test Script'!$B$6:$B$135,$A10,'Test Script'!$D$6:$D$135,"Negatif") | E10: =COUNTIFS('Test Script'!$B$6:$B$135,$A10,'Test Script'!$I$6:$I$135,"Pass") | F10: =COUNTIFS('Test Script'!$B$6:$B$135,$A10,'Test Script'!$I$6:$I$135,"Fail")
A11: Owner | B11: =COUNTIF('Test Script'!$B$6:$B$135,$A11) | C11: =COUNTIFS('Test Script'!$B$6:$B$135,$A11,'Test Script'!$D$6:$D$135,"Positif") | D11: =COUNTIFS('Test Script'!$B$6:$B$135,$A11,'Test Script'!$D$6:$D$135,"Negatif") | E11: =COUNTIFS('Test Script'!$B$6:$B$135,$A11,'Test Script'!$I$6:$I$135,"Pass") | F11: =COUNTIFS('Test Script'!$B$6:$B$135,$A11,'Test Script'!$I$6:$I$135,"Fail")
A12: Super Admin | B12: =COUNTIF('Test Script'!$B$6:$B$135,$A12) | C12: =COUNTIFS('Test Script'!$B$6:$B$135,$A12,'Test Script'!$D$6:$D$135,"Positif") | D12: =COUNTIFS('Test Script'!$B$6:$B$135,$A12,'Test Script'!$D$6:$D$135,"Negatif") | E12: =COUNTIFS('Test Script'!$B$6:$B$135,$A12,'Test Script'!$I$6:$I$135,"Pass") | F12: =COUNTIFS('Test Script'!$B$6:$B$135,$A12,'Test Script'!$I$6:$I$135,"Fail")
A13: TOTAL | B13: =SUM(B4:B12) | C13: =SUM(C4:C12) | D13: =SUM(D4:D12) | E13: =SUM(E4:E12) | F13: =SUM(F4:F12)
A15: Sudah diuji | B15: =COUNTIF('Test Script'!$I$6:$I$135,"Pass")+COUNTIF('Test Script'!$I$6:$I$135,"Fail")+COUNTIF('Test Script'!$I$6:$I$135,"Blocked")
A16: Persentase selesai | B16: =IF(B13=0,0,B15/B13)
